order_id,customer_id,product,category,quantity,price,total,city,order_date,delivery_date,payment_method,order_status,discount,shipping_cost,review_score
1,1134,Produto_41,Casa,,727.58,,Maceió,2021-10-03,2021-02-22,Cartão de Crédito,Em trânsito,,18.98,1.0
2,1161,Produto_127,Livros,3.0,909.07,2727.21,Maceió,2024-09-24,2022-02-15,Paypal,Atrasado,,112.43,2.0
3,1146,Produto_108,Casa,,30.5,,RECIFE,,2020-04-10,Cartão de Crédito,Atrasado,247.89,29.22,3.0
4,1020,Produto_88,Livros,,,,Maceió,2020-08-02,2020-08-14,Cartão de Crédito,Cancelado,203.95,118.38,3.0
5,1103,Produto_17,Casa,3.0,,,São Paulo,2022-08-22,2019-12-05,Cartão de Crédito,Em trânsito,,,5.0
6,1138,Produto_23,Brinquedos,4.0,,,NATAL,2020-07-17,,Boleto,Em trânsito,,,1.0
7,1010,Produto_107,Eletrônicos,5.0,803.74,4018.7,Salvador,2022-08-13,2020-01-18,Débito,Entregue,,,
8,1159,Produto_93,Esportes,,160.69,,Natal,2022-09-01,2021-03-08,Cartão de Crédito,Em trânsito,,,
9,1189,Produto_58,Brinquedos,,86.0,,Natal,2020-04-11,,Boleto,Atrasado,71.04,77.5,
10,1067,Produto_92,Livros,,213.02,,RECIFE,2024-12-14,2023-09-05,Paypal,Cancelado,,,
11,1003,Produto_57,Eletrônicos,4.0,,,Belo Horizonte,,2022-05-25,Paypal,Atrasado,,6.35,
12,1059,Produto_130,Moda,5.0,,,Salvador,2022-11-10,2022-02-22,Pix,Cancelado,100.55,,1.0
13,1179,Produto_6,Brinquedos,,,,RECIFE,2022-02-19,2021-09-11,Débito,Em trânsito,65.47,,
14,1100,Produto_88,Moda,,469.67,,RECIFE,2021-06-21,2024-04-10,Boleto,Cancelado,,9.3,
15,1144,Produto_132,Informática,,,,Aracaju,2019-03-24,2023-11-20,Paypal,Atrasado,74.55,79.95,
16,1143,Produto_41,Beleza,,214.11,,Maceió,2022-03-01,2022-03-11,Pix,Entregue,,81.34,4.0
17,1045,Produto_121,Moda,,,,Belo Horizonte,2019-12-01,2023-02-16,Cartão de Crédito,Cancelado,,60.96,
18,1129,Produto_91,Informática,,303.47,,São Paulo,2019-02-17,2020-06-18,Boleto,Cancelado,221.43,,4.0
19,1068,Produto_138,Esportes,,,,NATAL,2021-03-20,2019-10-20,Boleto,Entregue,181.14,77.92,2.0
20,1108,Produto_86,Informática,,,,Maceió,,,Débito,Entregue,,,1.0
21,1033,Produto_51,Livros,,,,Belo Horizonte,2023-08-20,2022-12-14,Paypal,Em trânsito,,49.16,
22,1094,Produto_7,Casa,,411.14,,Natal,2024-10-27,2020-03-18,Pix,Entregue,,,
23,1088,Produto_141,Esportes,3.0,215.39,646.17,recife,,2022-08-26,Paypal,Em trânsito,166.37,,
24,1077,Produto_4,Informática,,976.34,,Belo Horizonte,2023-04-23,2024-02-28,Pix,Cancelado,192.4,,
25,1015,Produto_59,Brinquedos,1.0,254.89,254.89,São Paulo,2019-03-07,2021-08-03,Cartão de Crédito,Cancelado,,,1.0
26,1134,Produto_125,Esportes,5.0,698.48,3492.4,Aracaju,,,Débito,Em trânsito,,,3.0
27,1150,Produto_110,Esportes,,,,Aracaju,2021-01-17,2023-01-09,Pix,Em trânsito,84.57,,
28,1061,Produto_56,Moda,1.0,,,Maceió,2023-07-10,,Paypal,Atrasado,257.47,0.55,5.0
29,1109,Produto_102,Eletrônicos,,35.56,,NATAL,2023-11-19,2019-02-05,Pix,Em trânsito,294.98,75.32,
30,1012,Produto_2,Livros,4.0,640.12,2560.48,Natal,,,Pix,Cancelado,,11.03,
31,1050,Produto_81,Beleza,5.0,742.96,3714.8,Natal,2021-06-08,2023-03-25,Cartão de Crédito,Entregue,,,4.0
32,1058,Produto_6,Casa,5.0,262.62,1313.1,Rio de Janeiro,2022-02-25,2023-11-07,Cartão de Crédito,Cancelado,,41.53,
33,1056,Produto_135,Informática,,634.51,,Aracaju,,2024-08-13,Boleto,Cancelado,,60.31,
34,1163,Produto_77,Esportes,2.0,,,RECIFE,2023-12-19,2019-01-15,Pix,Cancelado,277.11,29.78,4.0
35,1151,Produto_6,Brinquedos,5.0,,,João Pessoa,2019-01-27,2020-04-27,Boleto,Atrasado,293.48,11.09,4.0
36,1176,Produto_2,Esportes,,383.93,,Recife,2024-03-27,2024-03-03,Cartão de Crédito,Entregue,39.76,78.45,
37,1126,Produto_112,Moda,4.0,1108.5,4434.0,Natal,2022-01-20,2021-01-04,Cartão de Crédito,Entregue,209.09,,
38,1184,Produto_58,Brinquedos,,,,Rio de Janeiro,2019-12-21,2024-01-08,Boleto,Atrasado,,,
39,1127,Produto_78,Esportes,2.0,,,Recife,2023-04-10,2024-12-01,Pix,Em trânsito,,,5.0
40,1140,Produto_50,Beleza,4.0,,,Maceió,,2019-06-10,Pix,Entregue,,,4.0
41,1127,Produto_65,Casa,5.0,,,RECIFE,2024-08-03,2021-12-24,Paypal,Cancelado,146.78,30.67,
42,1064,Produto_135,Casa,,,,Natal,2023-04-14,2020-08-09,Boleto,Cancelado,,15.08,
43,1021,Produto_120,Moda,3.0,,,recife,2023-08-03,2019-09-07,Pix,Atrasado,,,
44,1097,Produto_93,Moda,3.0,,,recife,2019-04-27,,Paypal,Entregue,172.16,53.56,5.0
45,1084,Produto_25,Casa,3.0,,,Natal,2020-01-22,2020-10-07,Pix,Atrasado,,65.44,2.0
46,1039,Produto_86,Informática,4.0,,,Salvador,,,Boleto,Entregue,246.92,,
47,1074,Produto_118,Eletrônicos,,1378.97,,João Pessoa,2019-05-22,2021-07-12,Boleto,Cancelado,18.4,79.62,4.0
48,1167,Produto_48,Moda,,,,Recife,2023-06-18,2024-06-01,Paypal,Entregue,,115.41,4.0
49,1067,Produto_95,Esportes,,315.84,,Rio de Janeiro,2020-09-25,2024-01-16,Cartão de Crédito,Entregue,,98.27,
50,1103,Produto_85,Livros,,1288.84,,Belo Horizonte,2023-03-04,2024-09-13,Pix,Cancelado,256.0,113.66,2.0
51,1080,Produto_92,Informática,1.0,,,NATAL,2021-11-18,2021-01-25,Boleto,Em trânsito,150.18,47.79,
52,1117,Produto_30,Informática,,1400.43,,Rio de Janeiro,2022-07-19,2024-08-09,Paypal,Atrasado,,,
53,1082,Produto_58,Beleza,1.0,,,Natal,2020-10-13,2022-08-19,Pix,Em trânsito,,59.27,3.0
54,1097,Produto_1,Beleza,2.0,1062.84,2125.68,Maceió,2019-11-08,2024-07-16,Débito,Em trânsito,12.72,,1.0
55,1113,Produto_51,Brinquedos,,,,recife,2019-09-05,2019-01-22,Pix,Atrasado,79.28,,
56,1016,Produto_119,Casa,,,,Maceió,2020-12-23,2023-11-27,Cartão de Crédito,Em trânsito,,32.0,
57,1190,Produto_146,Informática,4.0,1335.81,5343.24,recife,,2019-06-10,Boleto,Em trânsito,261.28,84.47,5.0
58,1079,Produto_37,Eletrônicos,2.0,1085.39,2170.78,Aracaju,2023-05-26,2022-04-27,Cartão de Crédito,Em trânsito,106.16,,5.0
59,1082,Produto_2,Casa,5.0,735.94,3679.7,Natal,2022-07-26,2024-03-23,Débito,Em trânsito,,,
60,1143,Produto_53,Casa,,31.33,,Rio de Janeiro,,,Débito,Entregue,,75.88,
61,1041,Produto_138,Brinquedos,3.0,,,Salvador,,,Pix,Entregue,64.25,,
62,1090,Produto_20,Livros,,890.23,,Rio de Janeiro,2024-07-08,2023-05-09,Boleto,Entregue,182.95,,1.0
63,1033,Produto_149,Brinquedos,2.0,905.56,1811.12,Salvador,2019-11-01,2024-04-24,Pix,Em trânsito,,116.27,
64,1200,Produto_34,Esportes,,1187.53,,Salvador,2024-11-03,2021-12-27,Débito,Cancelado,,,
65,1107,Produto_91,Eletrônicos,,,,Belo Horizonte,2021-07-16,2024-09-18,Boleto,Em trânsito,,,
66,1134,Produto_92,Beleza,,45.95,,Salvador,2023-09-12,2023-10-16,Boleto,Atrasado,257.64,37.61,
67,1110,Produto_29,Livros,3.0,,,Salvador,,2020-04-14,Cartão de Crédito,Entregue,,,5.0
68,1102,Produto_78,Brinquedos,2.0,1464.54,2929.08,Rio de Janeiro,2022-04-19,2020-10-06,Débito,Cancelado,,57.91,
69,1128,Produto_50,Moda,1.0,1143.94,1143.94,Aracaju,,2020-09-12,Boleto,Em trânsito,,,2.0
70,1105,Produto_78,Beleza,4.0,,,São Paulo,2023-09-22,2022-05-18,Boleto,Em trânsito,291.95,,
71,1085,Produto_124,Casa,3.0,924.65,2773.95,recife,2019-04-03,2020-12-07,Cartão de Crédito,Atrasado,216.55,110.97,
72,1165,Produto_76,Moda,1.0,,,Rio de Janeiro,2023-11-18,2020-09-20,Cartão de Crédito,Entregue,194.55,1.15,4.0
73,1076,Produto_86,Moda,,528.27,,NATAL,2022-11-27,2020-01-08,Boleto,Atrasado,106.7,,1.0
74,1095,Produto_25,Informática,4.0,1207.9,4831.6,Recife,2022-06-01,2019-09-24,Cartão de Crédito,Entregue,136.08,,
75,1028,Produto_124,Informática,,,,RECIFE,2023-02-06,2019-11-15,Paypal,Em trânsito,115.82,,
76,1087,Produto_35,Esportes,3.0,694.38,2083.14,Belo Horizonte,2021-03-20,2019-04-18,Boleto,Em trânsito,0.65,20.98,
77,1120,Produto_28,Beleza,1.0,,,RECIFE,,2021-11-03,Pix,Atrasado,,,3.0
78,1093,Produto_57,Beleza,5.0,879.88,4399.4,Salvador,,2022-10-25,Boleto,Em trânsito,115.67,30.13,3.0
79,1064,Produto_64,Livros,5.0,,,Natal,,2019-01-18,Paypal,Cancelado,,13.39,
80,1046,Produto_106,Brinquedos,,,,NATAL,,,Cartão de Crédito,Entregue,,2.16,2.0
81,1198,Produto_69,Esportes,,,,São Paulo,,,Débito,Entregue,10.92,,5.0
82,1168,Produto_36,Beleza,4.0,685.93,2743.72,Salvador,2019-12-10,2020-02-01,Boleto,Entregue,,72.96,
83,1200,Produto_32,Informática,,,,João Pessoa,2019-09-26,2024-04-09,Débito,Cancelado,150.38,54.37,4.0
84,1103,Produto_75,Esportes,,362.87,,Natal,,,Cartão de Crédito,Atrasado,248.04,53.99,2.0
85,1192,Produto_67,Livros,,,,Maceió,2020-08-21,2024-09-25,Débito,Em trânsito,,,
86,1012,Produto_3,Brinquedos,,,,Natal,2021-10-09,2022-01-06,Boleto,Cancelado,14.78,75.18,1.0
87,1177,Produto_126,Moda,5.0,1486.16,7430.8,Rio de Janeiro,2023-03-18,2022-07-19,Pix,Atrasado,19.7,,
88,1190,Produto_150,Informática,,,,Salvador,2020-08-13,2021-02-21,Pix,Atrasado,252.01,,3.0
89,1096,Produto_135,Informática,,,,Fortaleza,2019-11-11,2022-04-17,Boleto,Atrasado,11.71,111.97,2.0
90,1106,Produto_124,Beleza,3.0,320.04,960.12,recife,,,Pix,Cancelado,48.27,,2.0
91,1050,Produto_143,Beleza,,1419.95,,NATAL,2024-02-16,2021-08-06,Débito,Em trânsito,162.25,19.59,4.0
92,1175,Produto_116,Brinquedos,,,,NATAL,2022-06-24,2022-07-22,Paypal,Em trânsito,210.16,,
93,1185,Produto_8,Moda,,1439.03,,Aracaju,2022-11-07,,Débito,Em trânsito,180.03,,1.0
94,1017,Produto_122,Esportes,,882.29,,RECIFE,2022-02-10,2022-03-14,Cartão de Crédito,Em trânsito,67.72,,
95,1150,Produto_105,Informática,,1112.11,,Fortaleza,2019-09-09,2020-06-16,Boleto,Em trânsito,140.23,34.64,3.0
96,1120,Produto_147,Eletrônicos,3.0,1029.04,3087.12,João Pessoa,2021-12-26,2023-04-24,Débito,Atrasado,,,2.0
97,1135,Produto_61,Casa,,,,Aracaju,,,Paypal,Cancelado,117.38,53.86,4.0
98,1083,Produto_126,Beleza,5.0,1419.19,7095.95,Aracaju,2024-03-21,2021-05-07,Cartão de Crédito,Cancelado,98.29,,1.0
99,1200,Produto_45,Moda,5.0,574.88,2874.4,Rio de Janeiro,,2024-10-15,Pix,Em trânsito,,36.43,1.0
100,1183,Produto_83,Moda,4.0,,,Natal,2023-10-17,,Débito,Em trânsito,242.16,38.99,2.0
101,1035,Produto_53,Esportes,,67.24,,Recife,2023-08-16,2023-11-22,Boleto,Atrasado,285.93,,
102,1198,Produto_115,Casa,5.0,,,Salvador,2023-06-09,2024-11-14,Boleto,Atrasado,,,3.0
103,1172,Produto_3,Casa,2.0,117.47,234.94,Recife,2023-06-03,2022-12-07,Paypal,Cancelado,202.18,76.59,
104,1092,Produto_13,Eletrônicos,4.0,,,Maceió,2019-10-12,2024-07-23,Cartão de Crédito,Atrasado,,26.67,
105,1074,Produto_128,Brinquedos,,771.06,,NATAL,2023-01-16,2024-08-01,Paypal,Cancelado,187.33,70.96,2.0
106,1065,Produto_61,Moda,,,,Recife,2024-09-26,2022-03-23,Boleto,Entregue,56.64,103.92,
107,1094,Produto_38,Informática,,,,Aracaju,2023-01-27,2021-09-05,Paypal,Em trânsito,205.62,31.45,1.0
108,1158,Produto_137,Casa,2.0,1002.57,2005.14,Natal,2022-09-05,2024-05-15,Pix,Cancelado,,93.15,1.0
109,1121,Produto_81,Livros,,,,Natal,2024-06-04,2022-10-17,Cartão de Crédito,Cancelado,120.27,106.69,
110,1150,Produto_145,Moda,,452.25,,Salvador,2021-01-27,2020-09-14,Cartão de Crédito,Em trânsito,134.91,,3.0
111,1181,Produto_1,Beleza,2.0,,,Recife,2019-11-22,2023-04-26,Cartão de Crédito,Em trânsito,,,
112,1099,Produto_36,Eletrônicos,,,,Natal,2021-05-13,2024-03-24,Boleto,Cancelado,157.52,,2.0
113,1188,Produto_8,Brinquedos,,23.7,,Rio de Janeiro,2023-11-13,2024-03-27,Débito,Entregue,220.97,,3.0
114,1054,Produto_62,Livros,,87.17,,NATAL,2021-05-23,2021-10-11,Paypal,Em trânsito,217.89,,
115,1091,Produto_109,Informática,,611.24,,Maceió,2023-02-15,2023-12-26,Pix,Em trânsito,151.43,36.74,4.0
116,1116,Produto_78,Moda,2.0,,,Aracaju,2024-04-25,2020-08-09,Cartão de Crédito,Entregue,109.4,,
117,1118,Produto_69,Casa,5.0,,,Rio de Janeiro,,2021-04-17,Boleto,Atrasado,,95.08,3.0
118,1002,Produto_137,Esportes,1.0,1433.95,1433.95,RECIFE,2022-09-13,2019-12-26,Pix,Em trânsito,,,
119,1187,Produto_131,Informática,,179.06,,Belo Horizonte,,,Cartão de Crédito,Em trânsito,77.33,,2.0
120,1103,Produto_137,Moda,2.0,973.75,1947.5,recife,2019-11-14,,Paypal,Entregue,,,3.0
121,1037,Produto_128,Moda,3.0,516.56,1549.68,RECIFE,2021-12-08,2023-11-23,Débito,Entregue,,,1.0
122,1175,Produto_139,Beleza,2.0,,,Belo Horizonte,2023-11-20,,Débito,Entregue,,18.22,2.0
123,1037,Produto_60,Informática,,,,Natal,2019-12-10,2020-09-06,Paypal,Entregue,,110.5,
124,1008,Produto_117,Informática,5.0,670.01,3350.05,Salvador,2021-11-10,,Cartão de Crédito,Atrasado,114.24,,
125,1142,Produto_48,Informática,,,,Natal,2022-03-10,2023-06-14,Débito,Cancelado,,17.02,2.0
126,1082,Produto_9,Livros,,1035.59,,Fortaleza,,2021-09-17,Paypal,Atrasado,7.08,,
127,1075,Produto_143,Informática,2.0,1217.06,2434.12,Maceió,2023-11-27,2021-06-25,Cartão de Crédito,Em trânsito,28.83,,1.0
128,1138,Produto_9,Moda,4.0,197.98,791.92,Natal,2022-02-02,2020-02-07,Débito,Em trânsito,146.97,,
129,1025,Produto_96,Esportes,4.0,891.8,3567.2,João Pessoa,2022-09-13,2021-08-07,Boleto,Atrasado,151.85,12.39,
130,1070,Produto_139,Esportes,4.0,927.43,3709.72,Maceió,2020-11-27,2024-08-02,Pix,Em trânsito,14.18,63.88,
131,1019,Produto_99,Informática,1.0,275.63,275.63,Maceió,,2023-03-14,Débito,Atrasado,,11.33,
132,1057,Produto_66,Moda,,,,Natal,2021-04-08,2021-04-13,Débito,Cancelado,,,
133,1152,Produto_44,Brinquedos,2.0,,,RECIFE,2019-07-13,2020-07-03,Paypal,Cancelado,65.43,116.18,1.0
134,1060,Produto_74,Beleza,3.0,583.4,1750.2,São Paulo,2022-05-13,2022-10-15,Boleto,Cancelado,201.89,110.99,
135,1159,Produto_42,Moda,,1001.89,,recife,2022-02-11,2024-06-11,Débito,Atrasado,187.4,,2.0
136,1193,Produto_146,Casa,,,,Maceió,2021-06-12,2024-07-12,Débito,Entregue,170.75,50.82,
137,1076,Produto_65,Brinquedos,5.0,,,São Paulo,2024-11-23,2024-12-28,Débito,Em trânsito,132.73,78.15,
138,1127,Produto_131,Livros,5.0,791.14,3955.7,Aracaju,2020-07-09,2023-02-06,Débito,Em trânsito,,32.38,
139,1110,Produto_20,Beleza,1.0,,,Fortaleza,2019-11-15,2021-05-15,Pix,Em trânsito,2.27,112.96,3.0
140,1196,Produto_148,Moda,,,,Belo Horizonte,2022-08-22,2022-06-10,Cartão de Crédito,Atrasado,,42.35,4.0
141,1143,Produto_80,Eletrônicos,,1012.15,,João Pessoa,2021-07-24,2022-08-07,Cartão de Crédito,Atrasado,,111.29,2.0
142,1025,Produto_125,Eletrônicos,2.0,,,Natal,2020-05-08,2023-09-28,Boleto,Entregue,295.76,,
143,1195,Produto_52,Eletrônicos,,454.66,,RECIFE,2021-06-03,2022-08-18,Débito,Atrasado,94.57,13.73,
144,1162,Produto_10,Moda,,981.15,,Fortaleza,2023-03-23,2022-01-08,Débito,Entregue,,,5.0
145,1070,Produto_25,Esportes,,,,Fortaleza,,,Boleto,Atrasado,,,
146,1019,Produto_14,Eletrônicos,,77.92,,recife,2023-05-08,2024-11-12,Pix,Entregue,54.29,29.76,3.0
147,1133,Produto_79,Livros,,669.87,,Maceió,2019-12-09,2024-08-17,Débito,Em trânsito,265.07,28.39,2.0
148,1083,Produto_88,Informática,1.0,,,São Paulo,2022-09-01,2024-10-09,Boleto,Entregue,52.1,,
149,1122,Produto_1,Beleza,,1029.49,,Maceió,2024-11-22,2020-08-16,Paypal,Em trânsito,,,5.0
150,1059,Produto_69,Informática,,242.56,,NATAL,2023-06-12,2023-11-17,Débito,Cancelado,,,4.0
151,1048,Produto_41,Informática,1.0,,,Natal,2024-12-16,2021-01-11,Débito,Atrasado,,99.02,4.0
152,1017,Produto_15,Moda,,,,Natal,2022-03-09,2023-12-01,Cartão de Crédito,Cancelado,81.07,94.63,
153,1078,Produto_21,Informática,,,,Fortaleza,2022-04-19,2024-01-05,Boleto,Em trânsito,14.59,116.75,1.0
154,1181,Produto_78,Brinquedos,4.0,955.86,3823.44,Aracaju,2019-03-18,2021-09-21,Boleto,Atrasado,,,
155,1192,Produto_32,Informática,2.0,980.24,1960.48,recife,2022-07-15,2021-01-13,Cartão de Crédito,Entregue,290.77,,5.0
156,1096,Produto_81,Eletrônicos,,1379.21,,Natal,2023-03-21,2023-08-04,Paypal,Cancelado,48.27,,4.0
157,1083,Produto_43,Brinquedos,,994.25,,São Paulo,2020-11-21,2023-09-22,Paypal,Entregue,217.85,68.57,4.0
158,1190,Produto_8,Beleza,,,,Rio de Janeiro,2023-02-10,2022-03-26,Cartão de Crédito,Em trânsito,,,5.0
159,1173,Produto_14,Eletrônicos,,1350.42,,São Paulo,2020-09-06,2020-01-07,Débito,Em trânsito,,22.91,1.0
160,1080,Produto_57,Moda,2.0,306.34,612.68,Maceió,,2023-03-18,Boleto,Entregue,,,
161,1141,Produto_14,Brinquedos,5.0,1191.93,5959.65,Rio de Janeiro,2020-09-26,2021-01-05,Paypal,Atrasado,211.72,89.45,3.0
162,1160,Produto_74,Informática,,,,João Pessoa,2021-07-11,2023-06-27,Cartão de Crédito,Entregue,169.22,14.68,5.0
163,1032,Produto_62,Eletrônicos,2.0,,,Belo Horizonte,2020-07-01,2020-01-25,Pix,Atrasado,,,3.0
164,1151,Produto_136,Livros,2.0,1355.18,2710.36,Salvador,,,Pix,Cancelado,,,
165,1021,Produto_52,Eletrônicos,,,,Rio de Janeiro,2021-04-10,,Cartão de Crédito,Cancelado,251.25,77.07,
166,1180,Produto_8,Esportes,4.0,,,Fortaleza,2023-11-13,2020-08-16,Paypal,Entregue,,,
167,1057,Produto_96,Informática,1.0,,,Rio de Janeiro,2023-08-09,2023-02-21,Cartão de Crédito,Entregue,240.39,35.27,5.0
168,1103,Produto_35,Informática,,,,Natal,2019-11-05,2020-09-16,Boleto,Cancelado,,,3.0
169,1102,Produto_131,Esportes,,821.14,,Rio de Janeiro,2023-01-20,2023-01-04,Boleto,Atrasado,22.42,,2.0
170,1029,Produto_1,Brinquedos,,,,João Pessoa,2024-12-26,2022-04-25,Pix,Em trânsito,211.44,24.74,3.0
171,1060,Produto_64,Brinquedos,,,,Natal,2021-04-28,2021-08-01,Paypal,Em trânsito,,,
172,1093,Produto_101,Livros,5.0,852.06,4260.3,Fortaleza,2024-03-13,2022-10-02,Paypal,Atrasado,196.07,,
173,1046,Produto_7,Esportes,,952.41,,Fortaleza,2022-08-01,2021-05-08,Paypal,Atrasado,,,
174,1063,Produto_60,Brinquedos,,168.33,,João Pessoa,2024-06-18,2023-06-09,Boleto,Atrasado,293.25,,2.0
175,1178,Produto_36,Informática,1.0,1183.8,1183.8,Natal,2021-02-28,2024-09-18,Débito,Cancelado,9.28,24.3,4.0
176,1024,Produto_107,Casa,,,,recife,,2020-08-15,Débito,Cancelado,,53.26,2.0
177,1072,Produto_15,Brinquedos,4.0,,,RECIFE,2019-11-10,2023-12-28,Pix,Atrasado,,81.89,3.0
178,1125,Produto_69,Esportes,2.0,1371.36,2742.72,Belo Horizonte,2020-05-07,2021-05-24,Pix,Em trânsito,85.72,55.03,
179,1016,Produto_59,Esportes,2.0,1440.27,2880.54,Salvador,2023-05-23,2024-03-22,Cartão de Crédito,Entregue,,82.06,
180,1029,Produto_81,Brinquedos,4.0,,,Natal,2019-01-25,2024-07-05,Pix,Cancelado,129.4,,2.0
181,1126,Produto_2,Esportes,4.0,,,NATAL,2022-08-25,2022-05-23,Débito,Cancelado,,53.05,1.0
182,1059,Produto_115,Livros,1.0,,,São Paulo,2022-06-22,2019-07-12,Paypal,Em trânsito,17.08,,
183,1191,Produto_106,Livros,5.0,,,João Pessoa,2022-12-12,2020-07-02,Cartão de Crédito,Em trânsito,,18.64,
184,1094,Produto_113,Brinquedos,,259.85,,Rio de Janeiro,2020-12-12,2022-06-04,Cartão de Crédito,Cancelado,,95.2,3.0
185,1020,Produto_39,Beleza,,,,Natal,2019-02-18,2022-06-24,Débito,Atrasado,107.01,86.84,2.0
186,1153,Produto_13,Esportes,3.0,,,Maceió,2021-11-20,2020-05-04,Paypal,Em trânsito,33.59,,2.0
187,1031,Produto_26,Livros,,,,São Paulo,2022-04-13,2021-03-04,Cartão de Crédito,Em trânsito,57.18,115.28,4.0
188,1094,Produto_125,Moda,5.0,882.74,4413.7,João Pessoa,2021-08-01,2024-11-12,Pix,Entregue,,,
189,1179,Produto_63,Eletrônicos,,,,NATAL,2024-09-06,,Boleto,Atrasado,196.25,97.8,
190,1054,Produto_81,Moda,1.0,588.07,588.07,João Pessoa,2022-06-08,2020-09-03,Cartão de Crédito,Atrasado,,41.3,4.0
191,1052,Produto_9,Livros,2.0,444.96,889.92,RECIFE,2022-04-10,2024-02-28,Débito,Atrasado,,102.11,1.0
192,1037,Produto_143,Moda,3.0,50.0,150.0,Fortaleza,2020-04-06,2020-02-14,Débito,Cancelado,,,
193,1149,Produto_70,Informática,,,,RECIFE,2020-03-14,2020-06-18,Pix,Em trânsito,,74.22,
194,1125,Produto_44,Esportes,,,,São Paulo,,,Boleto,Cancelado,51.17,,4.0
195,1007,Produto_142,Brinquedos,4.0,,,São Paulo,2024-01-05,2022-05-12,Boleto,Entregue,,,3.0
196,1044,Produto_65,Brinquedos,,,,Recife,,,Pix,Cancelado,48.19,21.58,3.0
197,1084,Produto_10,Beleza,,1275.63,,João Pessoa,2021-06-07,2022-10-14,Paypal,Em trânsito,,,1.0
198,1170,Produto_134,Eletrônicos,1.0,1123.85,1123.85,recife,2023-12-09,2024-07-11,Cartão de Crédito,Atrasado,76.57,,
199,1058,Produto_93,Livros,,338.5,,Fortaleza,,2020-02-17,Cartão de Crédito,Cancelado,,59.5,5.0
200,1176,Produto_87,Livros,,247.49,,São Paulo,2024-11-02,2021-11-12,Pix,Atrasado,241.04,1.73,4.0
201,1172,Produto_125,Beleza,2.0,305.77,611.54,Belo Horizonte,2023-01-22,2020-11-20,Débito,Atrasado,100.83,102.82,3.0
202,1059,Produto_80,Informática,3.0,,,NATAL,2019-02-13,2020-08-09,Cartão de Crédito,Cancelado,41.9,,
203,1045,Produto_88,Brinquedos,,,,NATAL,,,Débito,Atrasado,,,
204,1037,Produto_99,Livros,,377.49,,Salvador,2022-08-04,2021-01-16,Boleto,Atrasado,,63.65,
205,1092,Produto_50,Beleza,,,,Aracaju,2020-10-26,2020-06-27,Cartão de Crédito,Atrasado,,,3.0
206,1119,Produto_49,Informática,3.0,1342.13,4026.39,Maceió,2021-11-23,2023-02-10,Pix,Atrasado,202.07,,5.0
207,1113,Produto_13,Moda,,,,Belo Horizonte,2020-02-06,2019-12-04,Boleto,Cancelado,,24.77,3.0
208,1087,Produto_135,Casa,2.0,1298.63,2597.26,João Pessoa,2023-05-19,2023-01-22,Paypal,Cancelado,,18.0,
209,1080,Produto_81,Esportes,,1253.11,,recife,2019-04-12,2022-08-09,Cartão de Crédito,Atrasado,265.68,16.91,
210,1088,Produto_12,Beleza,,,,Natal,2019-02-11,2024-08-03,Boleto,Entregue,,,
211,1084,Produto_28,Moda,3.0,,,Fortaleza,2020-11-28,2022-03-03,Boleto,Cancelado,26.63,,
212,1186,Produto_28,Casa,5.0,,,RECIFE,2021-08-23,2020-03-05,Paypal,Em trânsito,,,
213,1121,Produto_109,Esportes,,450.04,,Belo Horizonte,,,Paypal,Atrasado,,,
214,1076,Produto_138,Informática,,,,Belo Horizonte,2022-05-25,2019-12-20,Débito,Cancelado,,80.56,3.0
215,1030,Produto_50,Moda,,664.86,,Recife,2024-10-20,2020-01-22,Boleto,Atrasado,251.42,,4.0
216,1049,Produto_4,Livros,,,,recife,2019-09-10,2023-10-10,Cartão de Crédito,Entregue,221.37,42.79,
217,1092,Produto_103,Casa,,760.19,,Maceió,2023-08-23,2022-03-01,Paypal,Cancelado,255.94,76.17,1.0
218,1028,Produto_45,Eletrônicos,,837.44,,Maceió,2022-09-14,,Paypal,Entregue,76.36,1.98,3.0
219,1056,Produto_95,Brinquedos,,,,Aracaju,,2021-04-26,Paypal,Em trânsito,272.71,,
220,1007,Produto_50,Eletrônicos,4.0,1296.07,5184.28,Maceió,,2021-04-04,Cartão de Crédito,Entregue,197.22,,
221,1076,Produto_18,Brinquedos,,775.91,,Natal,2023-12-09,2024-02-25,Paypal,Entregue,117.0,83.76,5.0
222,1195,Produto_127,Informática,,1352.87,,Natal,2022-08-06,2022-05-23,Débito,Em trânsito,,85.71,2.0
223,1132,Produto_148,Informática,,,,Recife,2022-10-01,,Cartão de Crédito,Atrasado,,4.39,2.0
224,1039,Produto_14,Eletrônicos,,964.56,,Salvador,2023-08-20,2023-03-02,Paypal,Cancelado,,67.95,
225,1146,Produto_89,Informática,,,,Belo Horizonte,2022-09-09,2021-01-07,Débito,Cancelado,188.76,,4.0
226,1117,Produto_96,Brinquedos,5.0,1485.46,7427.3,Rio de Janeiro,2020-02-12,2022-09-14,Paypal,Em trânsito,125.34,25.86,
227,1144,Produto_108,Beleza,5.0,1122.19,5610.95,NATAL,2023-01-12,2021-05-10,Boleto,Cancelado,252.87,,
228,1012,Produto_117,Casa,2.0,,,Fortaleza,2022-06-28,2020-01-11,Boleto,Em trânsito,,,4.0
229,1169,Produto_120,Informática,2.0,1352.3,2704.6,Natal,2021-07-19,2019-06-24,Boleto,Em trânsito,222.31,,2.0
230,1130,Produto_89,Eletrônicos,,565.68,,Natal,2020-08-18,2021-11-14,Débito,Atrasado,65.36,21.46,5.0
231,1196,Produto_66,Moda,,855.92,,Aracaju,2021-03-09,2020-08-17,Cartão de Crédito,Em trânsito,,,
232,1073,Produto_2,Esportes,3.0,636.13,1908.39,São Paulo,2020-05-14,2019-12-15,Pix,Atrasado,99.54,,
233,1171,Produto_85,Moda,1.0,,,Aracaju,2022-07-15,2022-11-06,Débito,Em trânsito,,,2.0
234,1117,Produto_128,Casa,,459.68,,Aracaju,2024-09-13,2022-11-28,Paypal,Entregue,,56.58,5.0
235,1135,Produto_103,Moda,,434.41,,Belo Horizonte,2020-03-26,2024-11-04,Pix,Entregue,,78.16,
236,1114,Produto_72,Esportes,,,,São Paulo,2023-12-23,2022-05-18,Cartão de Crédito,Entregue,52.15,,
237,1034,Produto_47,Moda,,753.63,,Rio de Janeiro,2024-12-12,2019-03-15,Débito,Cancelado,,116.78,
238,1166,Produto_74,Esportes,,,,NATAL,2024-03-20,2020-12-25,Boleto,Cancelado,,,
239,1118,Produto_27,Beleza,2.0,424.58,849.16,São Paulo,2019-09-07,2020-12-26,Débito,Cancelado,162.73,,5.0
240,1176,Produto_104,Casa,,817.88,,Rio de Janeiro,2023-11-20,2022-01-01,Boleto,Entregue,276.46,,
241,1170,Produto_87,Informática,,,,Fortaleza,2024-08-21,2021-06-16,Paypal,Entregue,,39.78,
242,1152,Produto_61,Eletrônicos,5.0,,,Natal,2019-06-23,2019-05-05,Boleto,Entregue,,69.74,3.0
243,1197,Produto_78,Beleza,2.0,,,Rio de Janeiro,,2021-02-26,Pix,Entregue,167.15,47.42,4.0
244,1124,Produto_90,Informática,3.0,755.43,2266.29,Belo Horizonte,2023-01-06,2021-10-16,Cartão de Crédito,Entregue,108.04,,
245,1074,Produto_121,Esportes,2.0,1097.43,2194.86,NATAL,2020-10-24,2020-09-13,Pix,Entregue,,15.3,2.0
246,1004,Produto_73,Brinquedos,4.0,858.15,3432.6,João Pessoa,2021-12-25,2023-06-28,Débito,Em trânsito,,,
247,1152,Produto_150,Informática,,,,Maceió,2021-09-14,2023-09-15,Pix,Cancelado,171.2,90.67,
248,1187,Produto_102,Moda,4.0,,,João Pessoa,2023-07-02,2023-02-19,Paypal,Em trânsito,,2.24,
249,1200,Produto_59,Beleza,4.0,,,Rio de Janeiro,2020-02-20,2022-02-10,Débito,Atrasado,,,5.0
250,1115,Produto_138,Livros,1.0,31.28,31.28,Maceió,,2019-09-10,Pix,Entregue,,19.06,3.0
251,1188,Produto_58,Informática,2.0,604.28,1208.56,recife,2020-12-23,2022-12-01,Boleto,Em trânsito,98.72,44.24,1.0
252,1124,Produto_145,Moda,2.0,1068.49,2136.98,Belo Horizonte,2023-06-02,2021-04-08,Débito,Cancelado,,,
253,1083,Produto_25,Informática,2.0,687.1,1374.2,Belo Horizonte,2023-11-06,2023-06-27,Pix,Cancelado,232.93,,
254,1013,Produto_131,Brinquedos,1.0,772.42,772.42,São Paulo,2024-08-02,2022-06-08,Cartão de Crédito,Em trânsito,248.82,,
255,1114,Produto_122,Esportes,4.0,,,Natal,,2019-09-13,Paypal,Cancelado,8.07,,5.0
256,1179,Produto_70,Moda,,726.4,,NATAL,2019-08-25,2024-06-15,Débito,Em trânsito,,7.24,
257,1182,Produto_116,Casa,,,,Rio de Janeiro,2021-02-07,2021-07-27,Débito,Entregue,163.58,102.8,1.0
258,1186,Produto_46,Beleza,,,,Natal,2020-05-20,2024-11-15,Débito,Entregue,,4.51,3.0
259,1025,Produto_84,Livros,,615.6,,Maceió,2022-06-14,2020-05-14,Boleto,Entregue,211.65,91.83,
260,1012,Produto_115,Beleza,3.0,,,Salvador,2020-11-26,,Boleto,Cancelado,,,3.0
261,1150,Produto_12,Brinquedos,,,,Rio de Janeiro,2019-05-25,2019-08-04,Pix,Em trânsito,12.38,,
262,1134,Produto_140,Casa,,,,Recife,2024-02-25,2021-10-15,Cartão de Crédito,Em trânsito,,108.07,
263,1175,Produto_103,Brinquedos,4.0,,,Fortaleza,2020-12-24,2021-10-04,Boleto,Em trânsito,281.52,,
264,1107,Produto_143,Brinquedos,,112.2,,Belo Horizonte,2024-12-27,2019-03-28,Boleto,Atrasado,186.34,,1.0
265,1085,Produto_58,Brinquedos,,,,recife,2019-07-02,2021-01-21,Pix,Cancelado,,21.38,3.0
266,1184,Produto_142,Brinquedos,,,,Fortaleza,,2023-05-20,Cartão de Crédito,Cancelado,,82.03,
267,1120,Produto_119,Esportes,,669.39,,João Pessoa,2019-02-09,2019-11-03,Cartão de Crédito,Cancelado,261.14,,
268,1196,Produto_131,Esportes,,1472.67,,RECIFE,2024-05-28,2022-02-03,Boleto,Em trânsito,,16.69,4.0
269,1135,Produto_25,Casa,5.0,1488.26,7441.3,São Paulo,2024-06-18,,Paypal,Cancelado,84.77,,
270,1119,Produto_41,Casa,2.0,1102.77,2205.54,Fortaleza,2019-04-25,2021-02-01,Paypal,Cancelado,47.48,,
271,1075,Produto_65,Casa,,,,Salvador,2020-06-16,2020-05-18,Boleto,Em trânsito,,,
272,1126,Produto_54,Beleza,3.0,,,Fortaleza,,2021-06-07,Boleto,Cancelado,,72.52,3.0
273,1113,Produto_141,Beleza,,416.84,,Natal,2024-02-27,2023-02-27,Cartão de Crédito,Cancelado,,,
274,1076,Produto_52,Informática,,,,Maceió,2024-11-25,2021-09-26,Boleto,Em trânsito,,,5.0
275,1057,Produto_108,Beleza,3.0,,,NATAL,2019-04-06,2019-12-12,Pix,Em trânsito,181.78,,4.0
276,1193,Produto_71,Eletrônicos,,,,Recife,,,Cartão de Crédito,Cancelado,279.76,,4.0
277,1194,Produto_66,Eletrônicos,5.0,377.42,1887.1,RECIFE,2024-07-03,2019-06-11,Boleto,Cancelado,74.95,,
278,1162,Produto_36,Informática,5.0,957.45,4787.25,João Pessoa,2019-11-07,2021-01-28,Débito,Em trânsito,,,3.0
279,1082,Produto_139,Casa,4.0,1361.41,5445.64,São Paulo,2024-08-26,,Débito,Entregue,106.3,,2.0
280,1058,Produto_97,Brinquedos,5.0,334.56,1672.8,Natal,2021-12-24,2022-04-07,Boleto,Entregue,250.65,68.15,
281,1121,Produto_54,Esportes,,,,RECIFE,2021-01-06,2023-02-13,Pix,Em trânsito,,,5.0
282,1106,Produto_87,Livros,,273.23,,Fortaleza,2023-01-07,2019-08-27,Boleto,Em trânsito,,,5.0
283,1125,Produto_132,Esportes,5.0,,,Belo Horizonte,2021-07-19,2019-04-06,Boleto,Entregue,,,
284,1039,Produto_34,Brinquedos,3.0,367.59,1102.77,RECIFE,2024-10-17,2021-01-03,Boleto,Entregue,,,
285,1011,Produto_49,Eletrônicos,,,,Rio de Janeiro,2021-11-18,2023-02-06,Pix,Atrasado,,23.23,
286,1088,Produto_12,Livros,4.0,,,Aracaju,2024-05-06,2020-08-02,Boleto,Em trânsito,,,
287,1116,Produto_71,Informática,,945.2,,Maceió,,,Pix,Em trânsito,137.95,19.09,5.0
288,1040,Produto_79,Esportes,2.0,965.67,1931.34,Maceió,2021-05-21,2020-03-11,Pix,Atrasado,,75.18,
289,1044,Produto_76,Brinquedos,4.0,,,Natal,2021-07-11,2021-12-19,Cartão de Crédito,Atrasado,276.83,60.51,
290,1183,Produto_112,Esportes,3.0,1003.11,3009.33,RECIFE,,,Cartão de Crédito,Em trânsito,,,5.0
291,1083,Produto_102,Livros,2.0,781.32,1562.64,NATAL,2023-01-05,2022-07-26,Boleto,Em trânsito,296.06,,3.0
292,1010,Produto_88,Casa,1.0,1167.49,1167.49,João Pessoa,2023-01-24,2019-01-07,Paypal,Atrasado,,,4.0
293,1171,Produto_81,Casa,,,,Recife,2024-04-05,2021-09-12,Débito,Cancelado,,,4.0
294,1086,Produto_86,Casa,2.0,,,Natal,2019-12-28,2022-03-04,Débito,Em trânsito,,,
295,1113,Produto_105,Eletrônicos,,57.36,,recife,2023-04-28,2019-09-05,Cartão de Crédito,Entregue,122.71,10.8,1.0
296,1101,Produto_37,Casa,3.0,1414.06,4242.18,Recife,2021-03-02,2023-03-02,Pix,Em trânsito,,66.48,4.0
297,1031,Produto_22,Livros,,,,Rio de Janeiro,,,Débito,Atrasado,,,4.0
298,1165,Produto_87,Livros,,,,São Paulo,2020-02-12,2021-02-04,Pix,Cancelado,,,1.0
299,1118,Produto_47,Beleza,,799.45,,NATAL,2024-07-14,2021-10-21,Boleto,Atrasado,268.1,46.95,
300,1176,Produto_48,Informática,2.0,15.58,31.16,Maceió,,2020-06-13,Cartão de Crédito,Cancelado,,,
301,1156,Produto_85,Eletrônicos,3.0,1324.68,3974.04,Natal,2021-10-12,2024-01-01,Débito,Atrasado,,61.38,2.0
302,1088,Produto_23,Moda,1.0,263.09,263.09,São Paulo,2023-06-01,2022-06-11,Paypal,Em trânsito,254.24,,
303,1147,Produto_43,Informática,,144.99,,Belo Horizonte,,,Paypal,Entregue,79.01,81.42,
304,1158,Produto_101,Casa,2.0,1141.23,2282.46,Recife,2023-12-09,2022-11-06,Pix,Atrasado,,,
305,1111,Produto_5,Moda,3.0,985.87,2957.61,RECIFE,2019-09-06,2021-02-10,Cartão de Crédito,Entregue,96.5,,
306,1064,Produto_69,Moda,,191.51,,São Paulo,,2019-05-06,Boleto,Atrasado,,,
307,1131,Produto_125,Moda,1.0,1395.47,1395.47,Salvador,2023-10-22,2023-12-06,Débito,Cancelado,102.44,,
308,1200,Produto_66,Eletrônicos,,,,Recife,2020-09-03,2020-09-23,Cartão de Crédito,Atrasado,,,
309,1071,Produto_47,Informática,2.0,,,Natal,2022-07-01,2022-12-15,Débito,Em trânsito,,,
310,1087,Produto_85,Moda,1.0,,,Belo Horizonte,2024-04-21,2024-10-18,Débito,Atrasado,,119.61,2.0
311,1098,Produto_109,Moda,1.0,,,João Pessoa,2024-12-24,,Paypal,Atrasado,248.0,32.03,
312,1196,Produto_39,Brinquedos,5.0,587.39,2936.95,Belo Horizonte,,,Paypal,Em trânsito,,,4.0
313,1040,Produto_55,Livros,,205.08,,São Paulo,,,Paypal,Atrasado,253.93,,
314,1022,Produto_53,Beleza,2.0,,,Rio de Janeiro,2020-02-08,2022-11-05,Cartão de Crédito,Em trânsito,260.55,,1.0
315,1004,Produto_22,Esportes,3.0,747.22,2241.66,Rio de Janeiro,2021-09-21,2021-04-08,Pix,Entregue,297.89,,
316,1168,Produto_96,Beleza,,,,João Pessoa,2023-06-12,2019-06-23,Débito,Cancelado,,110.19,5.0
317,1018,Produto_114,Beleza,,,,recife,2019-07-02,2021-01-16,Débito,Cancelado,,17.0,1.0
318,1175,Produto_95,Beleza,,,,São Paulo,2020-11-19,2020-06-08,Paypal,Entregue,,103.1,
319,1119,Produto_150,Beleza,5.0,636.3,3181.5,Aracaju,2021-08-18,2020-02-16,Paypal,Entregue,294.68,,
320,1109,Produto_133,Brinquedos,,,,Rio de Janeiro,2021-02-25,2023-01-07,Paypal,Em trânsito,49.08,,2.0
321,1196,Produto_29,Livros,3.0,,,Salvador,2022-02-06,2024-12-23,Paypal,Em trânsito,81.45,38.98,
322,1150,Produto_51,Livros,,676.86,,Recife,2021-05-15,2022-03-05,Cartão de Crédito,Em trânsito,,,
323,1142,Produto_88,Esportes,2.0,552.18,1104.36,João Pessoa,2019-06-05,2020-11-24,Débito,Em trânsito,,112.87,
324,1059,Produto_8,Moda,1.0,,,Aracaju,2019-03-05,2024-04-20,Débito,Atrasado,174.21,,3.0
325,1014,Produto_137,Moda,,,,recife,2019-01-16,,Cartão de Crédito,Em trânsito,202.6,57.36,
326,1044,Produto_130,Moda,,,,Natal,2021-07-16,2024-07-22,Boleto,Atrasado,,,
327,1047,Produto_47,Esportes,,,,Aracaju,2021-08-16,2019-02-04,Boleto,Atrasado,,98.85,2.0
328,1029,Produto_27,Brinquedos,3.0,,,Aracaju,2022-05-26,2020-10-13,Paypal,Atrasado,145.82,2.67,5.0
329,1191,Produto_46,Brinquedos,,,,Recife,2020-10-09,2023-11-27,Boleto,Cancelado,,37.76,
330,1132,Produto_129,Casa,,,,Aracaju,2021-07-18,2023-01-18,Débito,Entregue,,,4.0
331,1148,Produto_18,Brinquedos,5.0,,,Recife,2020-07-22,2024-08-18,Débito,Em trânsito,75.01,6.95,
332,1028,Produto_94,Casa,,32.85,,Maceió,,2024-10-03,Cartão de Crédito,Entregue,294.68,,3.0
333,1196,Produto_19,Eletrônicos,5.0,370.41,1852.05,João Pessoa,,2019-05-06,Boleto,Entregue,69.97,114.6,5.0
334,1009,Produto_12,Beleza,1.0,,,Salvador,2021-07-02,2022-08-02,Boleto,Em trânsito,,45.73,3.0
335,1173,Produto_117,Eletrônicos,4.0,,,NATAL,,,Boleto,Em trânsito,173.23,116.8,
336,1154,Produto_4,Brinquedos,,1461.96,,Fortaleza,2021-07-24,,Cartão de Crédito,Em trânsito,211.18,,3.0
337,1067,Produto_59,Livros,5.0,,,NATAL,2024-11-18,2022-10-16,Cartão de Crédito,Atrasado,9.71,14.66,
338,1160,Produto_125,Beleza,,649.87,,NATAL,2021-10-11,2023-01-19,Paypal,Cancelado,,43.75,5.0
339,1131,Produto_37,Beleza,,1262.65,,Belo Horizonte,2021-04-17,2021-04-19,Paypal,Entregue,,44.84,2.0
340,1059,Produto_67,Casa,1.0,,,Maceió,2022-12-22,2023-06-15,Débito,Entregue,,,
341,1168,Produto_69,Livros,,394.49,,recife,2024-11-09,2020-10-27,Débito,Em trânsito,235.67,,2.0
342,1011,Produto_74,Moda,,1081.04,,João Pessoa,2024-01-19,2019-06-24,Boleto,Entregue,200.09,,4.0
343,1128,Produto_15,Esportes,5.0,,,Rio de Janeiro,2021-03-03,2021-11-10,Boleto,Em trânsito,,,1.0
344,1003,Produto_103,Beleza,1.0,,,Maceió,2021-02-25,2020-03-26,Cartão de Crédito,Atrasado,198.23,,
345,1188,Produto_2,Esportes,,113.54,,São Paulo,2021-09-21,2020-05-15,Pix,Cancelado,,,1.0
346,1014,Produto_21,Brinquedos,4.0,1298.13,5192.52,Aracaju,,2021-05-23,Paypal,Em trânsito,,98.35,3.0
347,1164,Produto_48,Livros,2.0,,,Salvador,,2020-12-16,Paypal,Em trânsito,94.77,,4.0
348,1006,Produto_135,Informática,5.0,,,São Paulo,2020-09-26,2024-09-16,Pix,Entregue,,,
349,1047,Produto_122,Moda,2.0,,,Rio de Janeiro,2021-02-18,2022-02-07,Boleto,Em trânsito,244.29,111.3,
350,1151,Produto_65,Brinquedos,4.0,,,recife,2020-10-24,2024-01-14,Boleto,Atrasado,,,
351,1017,Produto_30,Moda,5.0,56.73,283.65,NATAL,2020-08-26,2021-12-16,Cartão de Crédito,Cancelado,,60.3,
352,1061,Produto_125,Eletrônicos,,1271.88,,São Paulo,2021-10-09,2021-02-21,Débito,Atrasado,,39.44,4.0
353,1156,Produto_47,Livros,,366.59,,Rio de Janeiro,2020-10-02,2020-01-09,Pix,Atrasado,,5.22,5.0
354,1067,Produto_66,Informática,,390.42,,RECIFE,2023-08-17,2022-03-06,Paypal,Atrasado,25.46,,1.0
355,1018,Produto_130,Esportes,1.0,,,São Paulo,2024-09-28,2019-07-27,Boleto,Em trânsito,165.4,,1.0
356,1000,Produto_136,Livros,,790.6,,Aracaju,2024-10-22,2020-08-02,Débito,Cancelado,281.11,,
357,1005,Produto_25,Eletrônicos,,216.03,,Belo Horizonte,,,Boleto,Em trânsito,,,
358,1087,Produto_68,Informática,,1285.28,,recife,2021-11-11,2019-05-04,Cartão de Crédito,Entregue,,82.24,4.0
359,1028,Produto_140,Brinquedos,3.0,58.86,176.58,Natal,2022-05-17,,Paypal,Cancelado,18.34,,
360,1199,Produto_93,Informática,2.0,774.34,1548.68,recife,2024-10-10,2019-04-23,Boleto,Em trânsito,161.15,112.27,
361,1162,Produto_87,Moda,,32.2,,Recife,2022-06-11,2023-01-25,Cartão de Crédito,Entregue,295.61,,3.0
362,1086,Produto_128,Esportes,,,,Aracaju,,,Boleto,Entregue,236.59,,2.0
363,1094,Produto_19,Informática,4.0,1286.17,5144.68,São Paulo,2020-10-17,2024-07-21,Paypal,Cancelado,208.51,91.19,4.0
364,1032,Produto_21,Casa,,1468.76,,Salvador,2022-11-25,2022-11-18,Boleto,Cancelado,,95.27,2.0
365,1048,Produto_114,Eletrônicos,,,,recife,2024-01-22,2021-11-18,Boleto,Cancelado,56.67,15.8,
366,1182,Produto_34,Brinquedos,2.0,1089.9,2179.8,São Paulo,2024-03-22,2022-11-01,Boleto,Em trânsito,,115.75,
367,1138,Produto_25,Esportes,,,,Belo Horizonte,2021-08-16,2024-10-09,Cartão de Crédito,Atrasado,,40.26,4.0
368,1007,Produto_148,Brinquedos,3.0,472.4,1417.2,Salvador,2020-10-22,2019-07-28,Cartão de Crédito,Cancelado,,89.13,
369,1076,Produto_123,Livros,2.0,1208.86,2417.72,recife,2019-07-04,2021-09-26,Paypal,Em trânsito,,,
370,1037,Produto_118,Brinquedos,,674.21,,São Paulo,,2019-09-21,Boleto,Atrasado,,24.13,
371,1020,Produto_35,Livros,3.0,748.91,2246.73,Natal,2022-11-27,2021-10-11,Paypal,Cancelado,4.59,,
372,1146,Produto_142,Brinquedos,,,,NATAL,2019-02-08,,Paypal,Cancelado,295.63,,
373,1109,Produto_60,Esportes,,,,recife,2020-10-06,2023-10-17,Pix,Atrasado,4.11,79.29,
374,1132,Produto_52,Eletrônicos,,813.17,,Recife,2023-11-26,2019-01-21,Paypal,Entregue,27.05,,
375,1049,Produto_21,Informática,,1430.38,,NATAL,2020-09-01,2023-03-24,Cartão de Crédito,Cancelado,,9.47,5.0
376,1136,Produto_10,Eletrônicos,1.0,689.6,689.6,recife,2019-02-17,,Pix,Em trânsito,,,
377,1196,Produto_80,Eletrônicos,1.0,,,Aracaju,2019-11-28,2023-03-14,Cartão de Crédito,Em trânsito,52.6,62.33,4.0
378,1069,Produto_126,Beleza,,449.44,,NATAL,,,Cartão de Crédito,Atrasado,,110.17,1.0
379,1126,Produto_38,Eletrônicos,1.0,,,Rio de Janeiro,2021-11-23,2022-09-04,Boleto,Cancelado,148.3,,
380,1198,Produto_44,Casa,3.0,423.63,1270.89,RECIFE,,,Cartão de Crédito,Atrasado,,,4.0
381,1019,Produto_16,Informática,4.0,1213.99,4855.96,Fortaleza,2024-09-02,2022-11-28,Pix,Em trânsito,215.52,58.61,
382,1135,Produto_59,Brinquedos,,,,Maceió,2020-02-09,2023-03-21,Paypal,Entregue,8.37,59.41,3.0
383,1134,Produto_149,Esportes,5.0,1181.31,5906.55,Recife,2024-11-01,2024-06-09,Boleto,Atrasado,,,4.0
384,1026,Produto_146,Esportes,,731.31,,Belo Horizonte,2021-11-03,2022-07-07,Boleto,Entregue,289.55,6.94,
385,1174,Produto_124,Livros,,,,recife,2023-06-13,2020-04-08,Paypal,Em trânsito,186.18,28.39,
386,1177,Produto_39,Moda,,1352.14,,Salvador,2023-12-19,2021-11-08,Pix,Entregue,,,
387,1045,Produto_85,Brinquedos,,,,Belo Horizonte,2021-01-20,2020-03-02,Paypal,Cancelado,99.76,31.37,
388,1063,Produto_69,Eletrônicos,1.0,1164.05,1164.05,recife,2023-02-13,2021-10-13,Débito,Atrasado,28.86,31.04,2.0
389,1037,Produto_116,Livros,,1096.26,,recife,2020-08-03,2024-05-11,Débito,Atrasado,168.65,,2.0
390,1128,Produto_94,Informática,4.0,,,recife,,,Boleto,Cancelado,293.11,,5.0
391,1115,Produto_88,Informática,2.0,1037.8,2075.6,Salvador,,,Paypal,Cancelado,,115.44,
392,1009,Produto_71,Beleza,2.0,273.81,547.62,Natal,2022-12-15,2022-12-14,Paypal,Em trânsito,,,
393,1009,Produto_7,Moda,2.0,,,São Paulo,2022-03-07,2021-02-02,Cartão de Crédito,Cancelado,,47.26,
394,1056,Produto_4,Informática,,,,Recife,2024-09-04,2023-11-26,Paypal,Cancelado,266.92,39.06,3.0
395,1112,Produto_111,Brinquedos,4.0,,,São Paulo,2023-06-18,2020-04-26,Boleto,Em trânsito,118.57,104.75,
396,1152,Produto_6,Esportes,,,,NATAL,2024-05-11,2023-01-28,Pix,Atrasado,271.75,6.28,
397,1042,Produto_25,Livros,,,,Fortaleza,2024-01-05,2020-11-24,Débito,Entregue,116.44,,
398,1185,Produto_19,Informática,4.0,833.02,3332.08,Aracaju,,2024-08-12,Paypal,Entregue,,,
399,1038,Produto_10,Esportes,1.0,1164.83,1164.83,Salvador,,2021-12-01,Pix,Em trânsito,,,1.0
400,1003,Produto_11,Casa,,647.62,,São Paulo,2020-07-13,2022-10-26,Cartão de Crédito,Em trânsito,,65.42,4.0
210,1088,Produto_12,Beleza,,,,Natal,2019-02-11,2024-08-03,Boleto,Entregue,,,
281,1121,Produto_54,Esportes,,,,RECIFE,2021-01-06,2023-02-13,Pix,Em trânsito,,,5.0
34,1163,Produto_77,Esportes,2.0,,,RECIFE,2023-12-19,2019-01-15,Pix,Cancelado,277.11,29.78,4.0
211,1084,Produto_28,Moda,3.0,,,Fortaleza,2020-11-28,2022-03-03,Boleto,Cancelado,26.63,,
94,1017,Produto_122,Esportes,,882.29,,RECIFE,2022-02-10,2022-03-14,Cartão de Crédito,Em trânsito,67.72,,
85,1192,Produto_67,Livros,,,,Maceió,2020-08-21,2024-09-25,Débito,Em trânsito,,,
330,1132,Produto_129,Casa,,,,Aracaju,2021-07-18,2023-01-18,Débito,Entregue,,,4.0
95,1150,Produto_105,Informática,,1112.11,,Fortaleza,2019-09-09,2020-06-16,Boleto,Em trânsito,140.23,34.64,3.0
267,1120,Produto_119,Esportes,,669.39,,João Pessoa,2019-02-09,2019-11-03,Cartão de Crédito,Cancelado,261.14,,
127,1075,Produto_143,Informática,2.0,1217.06,2434.12,Maceió,2023-11-27,2021-06-25,Cartão de Crédito,Em trânsito,28.83,,1.0
10,1067,Produto_92,Livros,,213.02,,RECIFE,2024-12-14,2023-09-05,Paypal,Cancelado,,,
362,1086,Produto_128,Esportes,,,,Aracaju,,,Boleto,Entregue,236.59,,2.0
57,1190,Produto_146,Informática,4.0,1335.81,5343.24,recife,,2019-06-10,Boleto,Em trânsito,261.28,84.47,5.0
73,1076,Produto_86,Moda,,528.27,,NATAL,2022-11-27,2020-01-08,Boleto,Atrasado,106.7,,1.0
133,1152,Produto_44,Brinquedos,2.0,,,RECIFE,2019-07-13,2020-07-03,Paypal,Cancelado,65.43,116.18,1.0
43,1021,Produto_120,Moda,3.0,,,recife,2023-08-03,2019-09-07,Pix,Atrasado,,,
279,1082,Produto_139,Casa,4.0,1361.41,5445.64,São Paulo,2024-08-26,,Débito,Entregue,106.3,,2.0
377,1196,Produto_80,Eletrônicos,1.0,,,Aracaju,2019-11-28,2023-03-14,Cartão de Crédito,Em trânsito,52.6,62.33,4.0
232,1073,Produto_2,Esportes,3.0,636.13,1908.39,São Paulo,2020-05-14,2019-12-15,Pix,Atrasado,99.54,,
386,1177,Produto_39,Moda,,1352.14,,Salvador,2023-12-19,2021-11-08,Pix,Entregue,,,
78,1093,Produto_57,Beleza,5.0,879.88,4399.4,Salvador,,2022-10-25,Boleto,Em trânsito,115.67,30.13,3.0
16,1143,Produto_41,Beleza,,214.11,,Maceió,2022-03-01,2022-03-11,Pix,Entregue,,81.34,4.0
392,1009,Produto_71,Beleza,2.0,273.81,547.62,Natal,2022-12-15,2022-12-14,Paypal,Em trânsito,,,
272,1126,Produto_54,Beleza,3.0,,,Fortaleza,,2021-06-07,Boleto,Cancelado,,72.52,3.0
1,1134,Produto_41,Casa,,727.58,,Maceió,2021-10-03,2021-02-22,Cartão de Crédito,Em trânsito,,18.98,1.0
397,1042,Produto_25,Livros,,,,Fortaleza,2024-01-05,2020-11-24,Débito,Entregue,116.44,,
115,1091,Produto_109,Informática,,611.24,,Maceió,2023-02-15,2023-12-26,Pix,Em trânsito,151.43,36.74,4.0
226,1117,Produto_96,Brinquedos,5.0,1485.46,7427.3,Rio de Janeiro,2020-02-12,2022-09-14,Paypal,Em trânsito,125.34,25.86,
263,1175,Produto_103,Brinquedos,4.0,,,Fortaleza,2020-12-24,2021-10-04,Boleto,Em trânsito,281.52,,
105,1074,Produto_128,Brinquedos,,771.06,,NATAL,2023-01-16,2024-08-01,Paypal,Cancelado,187.33,70.96,2.0
396,1152,Produto_6,Esportes,,,,NATAL,2024-05-11,2023-01-28,Pix,Atrasado,271.75,6.28,
194,1125,Produto_44,Esportes,,,,São Paulo,,,Boleto,Cancelado,51.17,,4.0
262,1134,Produto_140,Casa,,,,Recife,2024-02-25,2021-10-15,Cartão de Crédito,Em trânsito,,108.07,
58,1079,Produto_37,Eletrônicos,2.0,1085.39,2170.78,Aracaju,2023-05-26,2022-04-27,Cartão de Crédito,Em trânsito,106.16,,5.0
233,1171,Produto_85,Moda,1.0,,,Aracaju,2022-07-15,2022-11-06,Débito,Em trânsito,,,2.0
117,1118,Produto_69,Casa,5.0,,,Rio de Janeiro,,2021-04-17,Boleto,Atrasado,,95.08,3.0
114,1054,Produto_62,Livros,,87.17,,NATAL,2021-05-23,2021-10-11,Paypal,Em trânsito,217.89,,
343,1128,Produto_15,Esportes,5.0,,,Rio de Janeiro,2021-03-03,2021-11-10,Boleto,Em trânsito,,,1.0
159,1173,Produto_14,Eletrônicos,,1350.42,,São Paulo,2020-09-06,2020-01-07,Débito,Em trânsito,,22.91,1.0
142,1025,Produto_125,Eletrônicos,2.0,,,Natal,2020-05-08,2023-09-28,Boleto,Entregue,295.76,,
382,1135,Produto_59,Brinquedos,,,,Maceió,2020-02-09,2023-03-21,Paypal,Entregue,8.37,59.41,3.0
56,1016,Produto_119,Casa,,,,Maceió,2020-12-23,2023-11-27,Cartão de Crédito,Em trânsito,,32.0,
77,1120,Produto_28,Beleza,1.0,,,RECIFE,,2021-11-03,Pix,Atrasado,,,3.0
26,1134,Produto_125,Esportes,5.0,698.48,3492.4,Aracaju,,,Débito,Em trânsito,,,3.0
83,1200,Produto_32,Informática,,,,João Pessoa,2019-09-26,2024-04-09,Débito,Cancelado,150.38,54.37,4.0
383,1134,Produto_149,Esportes,5.0,1181.31,5906.55,Recife,2024-11-01,2024-06-09,Boleto,Atrasado,,,4.0
149,1122,Produto_1,Beleza,,1029.49,,Maceió,2024-11-22,2020-08-16,Paypal,Em trânsito,,,5.0
182,1059,Produto_115,Livros,1.0,,,São Paulo,2022-06-22,2019-07-12,Paypal,Em trânsito,17.08,,
23,1088,Produto_141,Esportes,3.0,215.39,646.17,recife,,2022-08-26,Paypal,Em trânsito,166.37,,
174,1063,Produto_60,Brinquedos,,168.33,,João Pessoa,2024-06-18,2023-06-09,Boleto,Atrasado,293.25,,2.0
